{
  "name": "halloween:srgabo/nether_complex/corridor_rooms",
  "fallback": "halloween:srgabo/nether_complex/corridor_terminator",
  "elements": [
    {
      "weight": 18,
      "element": {
        "element_type": "minecraft:single_pool_element",
        "projection": "rigid",
        "location": "halloween:srgabo/nether_complex/main_corridor",
        "processors": "halloween:srgabo/brick_cracking_20_percent_except_blackstone"
      }
    },
    {
      "weight": 3,
      "element": {
        "element_type": "minecraft:single_pool_element",
        "projection": "rigid",
        "location": "halloween:srgabo/nether_complex/lava_well_room_secret",
        "processors": "halloween:srgabo/brick_cracking_20_percent"
      }
    },
    {
      "weight": 5,
      "element": {
        "element_type": "minecraft:single_pool_element",
        "projection": "rigid",
        "location": "halloween:srgabo/nether_complex/spiral_stair_down",
        "processors": "halloween:srgabo/brick_cracking_20_percent_except_blackstone"
      }
    },
    {
      "weight": 5,
      "element": {
        "element_type": "minecraft:single_pool_element",
        "projection": "rigid",
        "location": "halloween:srgabo/nether_complex/spiral_stair_up",
        "processors": "halloween:srgabo/brick_cracking_20_percent_except_blackstone"
      }
    },
    {
      "weight": 5,
      "element": {
        "element_type": "minecraft:single_pool_element",
        "projection": "rigid",
        "location": "halloween:srgabo/nether_complex/staircase_down",
        "processors": "halloween:srgabo/brick_cracking_20_percent_except_blackstone"
      }
    },
    {
      "weight": 5,
      "element": {
        "element_type": "minecraft:single_pool_element",
        "projection": "rigid",
        "location": "halloween:srgabo/nether_complex/staircase_up",
        "processors": "halloween:srgabo/brick_cracking_20_percent_except_blackstone"
      }
    },
    {
      "weight": 2,
      "element": {
        "element_type": "minecraft:single_pool_element",
        "projection": "rigid",
        "location": "halloween:srgabo/nether_complex/caged_lava",
        "processors": "halloween:srgabo/brick_cracking_20_percent_deepslate_only"
      }
    },
    {
      "weight": 2,
      "element": {
        "element_type": "minecraft:single_pool_element",
        "projection": "rigid",
        "location": "halloween:srgabo/nether_complex/fallen_portal",
        "processors": "halloween:srgabo/brick_cracking_20_percent_deepslate_only"
      }
    },
    {
      "weight": 2,
      "element": {
        "element_type": "minecraft:single_pool_element",
        "projection": "rigid",
        "location": "halloween:srgabo/nether_complex/lava_spawner",
        "processors": "halloween:srgabo/brick_cracking_20_percent_deepslate_only"
      }
    },
    {
      "weight": 2,
      "element": {
        "element_type": "minecraft:single_pool_element",
        "projection": "rigid",
        "location": "halloween:srgabo/nether_complex/wither_figure",
        "processors": "halloween:srgabo/brick_cracking_20_percent_deepslate_only"
      }
    },
    {
      "weight": 2,
      "element": {
        "element_type": "minecraft:single_pool_element",
        "projection": "rigid",
        "location": "halloween:srgabo/nether_complex/library",
        "processors": "halloween:srgabo/brick_cracking_20_percent_deepslate_only"
      }
    },
    {
      "weight": 2,
      "element": {
        "element_type": "minecraft:single_pool_element",
        "projection": "rigid",
        "location": "halloween:srgabo/nether_complex/ancient_debris_exhibition",
        "processors": "halloween:srgabo/brick_cracking_20_percent_deepslate_only"
      }
    },
    {
      "weight": 2,
      "element": {
        "element_type": "minecraft:single_pool_element",
        "projection": "rigid",
        "location": "halloween:srgabo/nether_complex/villager_cell",
        "processors": "halloween:srgabo/brick_cracking_20_percent_deepslate_only"
      }
    },
	{
      "weight": 3,
      "element": {
        "element_type": "minecraft:single_pool_element",
        "projection": "rigid",
        "location": "halloween:srgabo/nether_complex/full_brick_wall2",
        "processors": "halloween:srgabo/brick_cracking_20_percent_deepslate_only"
      }
    },
    {
      "weight": 1,
      "element": {
        "element_type": "minecraft:single_pool_element",
        "projection": "rigid",
        "location": "halloween:srgabo/nether_complex/wall_with_some_bars2",
        "processors": "halloween:srgabo/brick_cracking_20_percent_deepslate_only"
      }
    },
    {
      "weight": 1,
      "element": {
        "element_type": "minecraft:single_pool_element",
        "projection": "rigid",
        "location": "halloween:srgabo/nether_complex/full_bars_wall2",
        "processors": "halloween:srgabo/brick_cracking_20_percent_deepslate_only"
      }
    },
    {
      "weight": 1,
      "element": {
        "element_type": "minecraft:single_pool_element",
        "projection": "rigid",
        "location": "halloween:srgabo/nether_complex/broken_wall2",
        "processors": "halloween:srgabo/brick_cracking_20_percent_deepslate_only"
      }
    }
  ]
}