{
    "type": "minecraft:chest",
    "pools": [
      {
        "rolls": {
          "min": 2,
          "max": 4
        },
        "entries": [
          {
            "type": "minecraft:item",
            "weight": 1,
            "name": "minecraft:chain"
          },
          {
            "type": "minecraft:item",
            "weight": 3,
            "name": "minecraft:soul_lantern"
          },
          {
            "type": "minecraft:item",
            "weight": 4,
            "name": "minecraft:deepslate_bricks",
            "functions": [
              {
                "function": "minecraft:set_count",
                "count": {
                  "min": 1,
                  "max": 4
                }
              }
            ]
          },
          {
            "type": "minecraft:item",
            "weight": 2,
            "name": "minecraft:cracked_deepslate_bricks",
            "functions": [
              {
                "function": "minecraft:set_count",
                "count": {
                  "min": 1,
                  "max": 4
                }
              }
            ]
          },
          {
            "type": "minecraft:item",
            "weight": 8,
            "name": "minecraft:polished_blackstone_bricks",
            "functions": [
              {
                "function": "minecraft:set_count",
                "count": {
                  "min": 1,
                  "max": 4
                }
              }
            ]
          },
          {
            "type": "minecraft:item",
            "weight": 1,
            "name": "minecraft:cracked_polished_blackstone_bricks",
            "functions": [
              {
                "function": "minecraft:set_count",
                "count": {
                  "min": 1,
                  "max": 4
                }
              }
            ]
          },
          {
            "type": "minecraft:item",
            "weight": 4,
            "name": "minecraft:nether_bricks",
            "functions": [
              {
                "function": "minecraft:set_count",
                "count": {
                  "min": 1,
                  "max": 4
                }
              }
            ]
          },
          {
            "type": "minecraft:item",
            "weight": 1,
            "name": "minecraft:cracked_nether_bricks",
            "functions": [
              {
                "function": "minecraft:set_count",
                "count": {
                  "min": 1,
                  "max": 4
                }
              }
            ]
          },
          {
            "type": "minecraft:item",
            "weight": 1,
            "name": "minecraft:iron_bars",
            "functions": [
              {
                "function": "minecraft:set_count",
                "count": {
                  "min": 1,
                  "max": 4
                }
              }
            ]
          }
        ]
      },
      {
        "rolls": {
          "min": 3,
          "max": 9
        },
        "entries": [
          {
            "type": "minecraft:item",
            "weight": 3,
            "name": "minecraft:quartz",
            "functions": [
              {
                "function": "minecraft:set_count",
                "count": {
                  "min": 1,
                  "max": 2
                }
              }
            ]
          },
          {
            "type": "minecraft:item",
            "weight": 3,
            "name": "minecraft:coal",
            "functions": [
              {
                "function": "minecraft:set_count",
                "count": {
                  "min": 1,
                  "max": 2
                }
              }
            ]
          },
          {
            "type": "minecraft:item",
            "weight": 1,
            "name": "minecraft:raw_iron"
          }
        ]
      },
      {
        "rolls": 1,
        "entries": [
          {
            "type": "minecraft:item",
            "weight": 3,
            "name": "minecraft:stone_sword",
            "functions": [
              {
                "function": "minecraft:set_damage",
                "damage": {
                  "min": 0,
                  "max": 0.25
                }
              }
            ]
          },
          {
            "type": "minecraft:item",
            "weight": 3,
            "name": "minecraft:stone_pickaxe",
            "functions": [
              {
                "function": "minecraft:set_damage",
                "damage": {
                  "min": 0,
                  "max": 0.25
                }
              }
            ]
          },
          {
            "type": "minecraft:item",
            "weight": 3,
            "name": "minecraft:stone_axe",
            "functions": [
              {
                "function": "minecraft:set_damage",
                "damage": {
                  "min": 0,
                  "max": 0.25
                }
              }
            ]
          },
          {
            "type": "minecraft:item",
            "weight": 3,
            "name": "minecraft:stone_shovel",
            "functions": [
              {
                "function": "minecraft:set_damage",
                "damage": {
                  "min": 0,
                  "max": 0.25
                }
              }
            ]
          },
          {
            "type": "minecraft:item",
            "weight": 3,
            "name": "minecraft:stone_hoe",
            "functions": [
              {
                "function": "minecraft:set_damage",
                "damage": {
                  "min": 0,
                  "max": 0.25
                }
              }
            ]
          },
          {
            "type": "minecraft:empty",
            "weight": 10
          }
        ]
      },
      {
        "rolls": 1,
        "entries": [
          {
            "type": "minecraft:item",
            "name": "minecraft:cobweb",
            "functions": [
              {
                "function": "minecraft:set_count",
                "count": {
                  "min": 3,
                  "max": 6
                }
              }
            ]
          }
        ]
      },
      {
        "rolls": {
          "min": 2,
          "max": 4
        },
        "entries": [
          {
            "type": "minecraft:item",
            "weight": 2,
            "name": "minecraft:paper",
            "functions": [
              {
                "function": "minecraft:set_count",
                "count": {
                  "min": 4,
                  "max": 8
                }
              }
            ]
          },
          {
            "type": "minecraft:item",
            "weight": 1,
            "name": "minecraft:book",
            "functions": [
              {
                "function": "minecraft:set_count",
                "count": {
                  "min": 1,
                  "max": 4
                }
              }
            ]
          }
        ]
      },
      {
        "rolls": 1,
        "entries": [
          {
            "type": "minecraft:item",
            "name": "minecraft:book",
            "functions": [
              {
                "function": "minecraft:enchant_with_levels",
                "levels": {
                  "min": 1,
                  "max": 10
                },
                "treasure": true
              }
            ]
          }
        ]
      }
    ]
  }