{
  "elements": [
    {
      "element": {
        "element_type": "minecraft:single_pool_element",
        "location": "halloween:avion/grave_simple",
        "processors": "halloween:avion/graveyard_graves",
        "projection": "rigid"
      },
      "weight": 5
    },
    {
      "element": {
        "element_type": "minecraft:single_pool_element",
        "location": "halloween:avion/grave_pointy",
        "processors": "halloween:avion/graveyard_graves",
        "projection": "rigid"
      },
      "weight": 4
    },
    {
      "element": {
        "element_type": "minecraft:single_pool_element",
        "location": "halloween:avion/grave_tall",
        "processors": "halloween:avion/graveyard_graves",
        "projection": "rigid"
      },
      "weight": 5
    },
    {
      "element": {
        "element_type": "minecraft:single_pool_element",
        "location": "halloween:avion/grave_tilted",
        "processors": "halloween:avion/graveyard_graves",
        "projection": "rigid"
      },
      "weight": 5
    },
    {
      "element": {
        "element_type": "minecraft:single_pool_element",
        "location": "halloween:avion/grave_weathered",
        "processors": "halloween:avion/graveyard_graves",
        "projection": "rigid"
      },
      "weight": 5
    },
    {
      "element": {
        "element_type": "minecraft:single_pool_element",
        "location": "halloween:avion/grave_statue",
        "processors": "halloween:avion/graveyard_graves",
        "projection": "rigid"
      },
      "weight": 1
    },
    {
      "element": {
        "element_type": "minecraft:feature_pool_element",
        "feature": "halloween:avion/windy_tree",
        "projection": "rigid"
      },
      "weight": 1
    }
  ],
  "fallback": "minecraft:empty",
  "name": "halloween:avion/graveyard_graves"
}