{
  "elements": [
    {
      "element": {
        "element_type": "minecraft:single_pool_element",
        "location": "halloween:avion/graveyard_wall",
        "processors": "halloween:avion/graveyard_paths",
        "projection": "rigid"
      },
      "weight": 128
    },
    {
      "element": {
        "element_type": "minecraft:single_pool_element",
        "location": "halloween:avion/graveyard_wall",
        "processors": "halloween:avion/graveyard_paths",
        "projection": "rigid"
      },
      "weight": 128
    },
    {
      "element": {
        "element_type": "minecraft:single_pool_element",
        "location": "halloween:avion/graveyard_wall_corner",
        "processors": "halloween:avion/graveyard_paths",
        "projection": "rigid"
      },
      "weight": 1
    }
  ],
  "fallback": "halloween:avion/graveyard_wall_corners",
  "name": "halloween:avion/graveyard_walls"
}