{
  "type": "minecraft:tree",
  "config": {
    "decorators": [
		{
        "block_provider": {
            "state": {
              "Name": "minecraft:cobweb"
            },
            "type": "minecraft:simple_state_provider"
        },
        "required_empty_blocks": 2,
        "directions": [
          "down"
        ],
        "probability": 0.001,
        "exclusion_radius_xz": 1,
        "exclusion_radius_y": 0,
        "type": "minecraft:attached_to_leaves"
      },
      {
        "type": "minecraft:leave_vine",
        "probability": 0.25
      }
    ],
    "dirt_provider": {
      "type": "minecraft:simple_state_provider",
      "state": {
        "Name": "minecraft:dirt"
      }
    },
    "foliage_placer": {
      "type": "minecraft:blob_foliage_placer",
      "height": 3,
      "offset": 0,
      "radius": 3
    },
    "foliage_provider": {
      "type": "minecraft:simple_state_provider",
      "state": {
        "Name": "minecraft:oak_leaves",
        "Properties": {
          "distance": "7",
          "persistent": "false",
          "waterlogged": "false"
        }
      }
    },
    "force_dirt": false,
    "ignore_vines": false,
    "minimum_size": {
      "type": "minecraft:two_layers_feature_size",
      "limit": 1,
      "lower_size": 0,
      "upper_size": 1
    },
    "trunk_placer": {
      "type": "minecraft:straight_trunk_placer",
      "base_height": 5,
      "height_rand_a": 3,
      "height_rand_b": 0
    },
    "trunk_provider": {
      "type": "minecraft:simple_state_provider",
      "state": {
        "Name": "minecraft:oak_log",
        "Properties": {
          "axis": "y"
        }
      }
    }
  }
}