{
    "type": "minecraft:jigsaw",
    "biomes": "#minecraft:has_structure/stronghold",
    "step": "underground_structures",
    "spawn_overrides": {},
    "terrain_adaptation": "bury",
    "start_pool": "halloween:srgabo/nether_complex/start",
    "size": 6,
    "start_height": {
      "type": "minecraft:uniform",
      "min_inclusive": {
        "absolute": -32
      },
      "max_inclusive": {
        "absolute": 48
      }
    },
    "max_distance_from_center": 80,
    "use_expansion_hack": false
  }  