{
  "processors": [
    {
      "rules": [
        {
          "output_state": {
            "Name": "minecraft:grass_block"
          },
          "input_predicate": {
            "block": "minecraft:coarse_dirt",
            "probability": 0.1,
            "predicate_type": "minecraft:random_block_match"
          },
          "location_predicate": {
            "predicate_type": "minecraft:always_true"
          }
        },
		
        {
          "output_state": {
            "Name": "minecraft:air"
          },
          "input_predicate": {
            "block": "minecraft:cobweb",
            "probability": 0.15,
            "predicate_type": "minecraft:random_block_match"
          },
          "location_predicate": {
            "predicate_type": "minecraft:always_true"
          }
        },
		
        {
          "output_state": {
            "Name": "minecraft:cracked_deepslate_tiles"
          },
          "input_predicate": {
            "block": "minecraft:deepslate_tiles",
            "probability": 0.2,
            "predicate_type": "minecraft:random_block_match"
          },
          "location_predicate": {
            "predicate_type": "minecraft:always_true"
          }
        },
		
        {
          "output_state": {
            "Name": "minecraft:cracked_deepslate_bricks"
          },
          "input_predicate": {
            "block": "minecraft:deepslate_bricks",
            "probability": 0.2,
            "predicate_type": "minecraft:random_block_match"
          },
          "location_predicate": {
            "predicate_type": "minecraft:always_true"
          }
        },
		
        {
          "output_state": {
            "Name": "minecraft:sand"
          },
          "input_predicate": {
            "block": "minecraft:grass_block",
            "predicate_type": "minecraft:block_match"
          },
          "location_predicate": {
            "block": "minecraft:sand",
            "predicate_type": "minecraft:block_match"
          }
        },
        {
          "output_state": {
            "Name": "minecraft:sand"
          },
          "input_predicate": {
            "block": "minecraft:dirt",
            "predicate_type": "minecraft:block_match"
          },
          "location_predicate": {
            "block": "minecraft:sand",
            "predicate_type": "minecraft:block_match"
          }
        },
        {
          "output_state": {
            "Name": "minecraft:sandstone"
          },
          "input_predicate": {
            "block": "minecraft:dirt",
            "predicate_type": "minecraft:block_match"
          },
          "location_predicate": {
            "block": "minecraft:sandstone",
            "predicate_type": "minecraft:block_match"
          }
        }
      ],
      "processor_type": "minecraft:rule"
    }
  ]
}