{
  "type": "minecraft:vegetation_patch",
  "config": {
    "surface": "floor",
    "depth": 1,
    "vertical_range": 5,
    "extra_bottom_block_chance": 0,
    "extra_edge_column_chance": 0.3,
    "vegetation_chance": 1,
    "xz_radius": {
      "type": "minecraft:uniform",
      "value": {
        "min_inclusive": 2,
        "max_inclusive": 5
      }
    },
    "replaceable": "#minecraft:dirt",
    "ground_state": {
      "type": "minecraft:weighted_state_provider",
      "entries": [
        {
          "weight": 14,
          "data": {
            "Name": "minecraft:farmland",
            "Properties": {
              "moisture": "7"
            }
          }
        },
        {
          "weight": 1,
          "data": {
            "Name": "minecraft:spruce_slab",
            "Properties": {
              "type": "top",
              "waterlogged": "true"
            }
          }
        }
      ]
    },
    "vegetation_feature": {
      "feature": {
        "type": "minecraft:simple_block",
        "config": {
          "to_place": {
            "type": "minecraft:simple_state_provider",
            "state": {
              "Name": "minecraft:wheat",
              "Properties": {
                "age": "7"
              }
            }
          }
        }
      },
      "placement": []
    }
  }
}
