{
    "pools": [
      {
        "rolls": 1,
        "entries": [
          {
            "type": "minecraft:item",
            "name": "minecraft:iron_ingot",
            "functions": [
              {
                "function": "minecraft:set_count",
                "count": 1
              },
              {
                "function": "minecraft:set_name",
                "entity": "this",
                "name": {
                  "text": "Bat Bomb",
                  "color": "#4f3533",
                  "italic": false
                }
              },
              {
                "function": "minecraft:set_lore",
                "entity": "this",
                "lore": [
                  {
                    "text": "Drop the bomb to disappear",
                    "color": "#a87a77",
                    "italic": true
                  },
                  {
                    "text": "in a cloud of bats!",
                    "color": "#a87a77",
                    "italic": true
                  }
                ],
                "replace": true
              },
              {
                "function": "minecraft:set_nbt",
                "tag": "{halloween:{item:'bat_bomb'},Enchantments:[{}]}"
              }
            ]
          }
        ]
      }
    ]
  }
  